nazwa,branża,miasto,profil Instagram (URL),profil Facebook (URL),strona www,telefon publiczny,ocena Google,liczba obserwujących IG,ostatni post,co kuleje,priorytet,status
DUNIQUE Holistic Dental Clinic (ul. Sokolska 30/U17),stomatologia,Katowice,do sprawdzenia,do sprawdzenia,do sprawdzenia,brak danych,brak danych (profil na ZnanyLekarz),nie sprawdzono,nie sprawdzono,"Nowa, duża klinika (400 m², implanty, One Day Concept) — komunikacja głównie przez portale medyczne, brak widocznych rolek",1,
Artyści Uśmiechu (ul. Chorzowska 216),stomatologia,Katowice,do sprawdzenia,do sprawdzenia,do sprawdzenia,brak danych,"9,8/10 (425 opinii, kliniki.pl)",nie sprawdzono,nie sprawdzono,"Bardzo dużo świetnych opinii, oferta leczenia bez stresu i w sedacji — idealny temat na rolki, których nie widać",1,
Klinika Magnuccy (ul. 3 Maja 34),medycyna estetyczna,Katowice,do sprawdzenia,do sprawdzenia,do sprawdzenia,brak danych,"4,8 (ranking rankingpro.pl)",nie sprawdzono,nie sprawdzono,"Szeroka oferta (dermatologia, estetyka, chirurgia) prowadzona przez parę lekarzy — historia idealna na krótkie wideo, brak widocznej obecności wideo",1,
Gabinet Medycyny Estetycznej Estesis (ul. Zawiszy Czarnego 6/196),medycyna estetyczna,Katowice,do sprawdzenia,do sprawdzenia,do sprawdzenia,brak danych,brak danych (profil na kliniki.pl),nie sprawdzono,nie sprawdzono,"Mały gabinet w dzielnicy mieszkaniowej — widoczność głównie przez katalogi, brak własnych treści wideo",2,
SKIN-CITY Gabinet Dermatologii i Medycyny Estetycznej (ul. Łubinowa 17),medycyna estetyczna,Katowice,do sprawdzenia,do sprawdzenia,do sprawdzenia,brak danych,brak danych (profil na kliniki.pl),nie sprawdzono,nie sprawdzono,"Gabinet specjalistyczny (dermatolog), cennik od 600 zł za zabieg — wysoka marża, a komunikacja ograniczona do katalogów",2,
Hairmate Katowice (ul. Młyńska 17),salon fryzjerski,Katowice,do sprawdzenia,do sprawdzenia,do sprawdzenia,brak danych,"4,9 (ranking rankingpro.pl)",nie sprawdzono,nie sprawdzono,"Młody zespół, modne koloryzacje — treści oparte na zdjęciach z Instagrama/Pinteresta, sprawdź czy publikują własne rolki",1,
Prestige Studio Fryzur (ul. Graniczna 8),salon fryzjerski,Katowice,do sprawdzenia,do sprawdzenia,do sprawdzenia,brak danych,brak danych,nie sprawdzono,nie sprawdzono,"Salon partnerski L'Oréal Professionnel w centrum — obecność głównie przez katalog L'Oréal i Booksy, brak własnego wideo",2,
Chmielewski Studio Fryzur (ul. Brynowska 80),salon fryzjerski,Katowice,do sprawdzenia,do sprawdzenia,do sprawdzenia,brak danych,brak danych,nie sprawdzono,nie sprawdzono,"Salon partnerski L'Oréal Professionnel, otwarty do 20:00 — potencjał na rolki „metamorfoza”, brak widocznych treści wideo",2,
Berendowicz & Kublin (ul. 3 Maja 13),salon fryzjerski,Katowice,do sprawdzenia,do sprawdzenia,do sprawdzenia,brak danych,brak danych,nie sprawdzono,nie sprawdzono,"Znana marka ze specjalizacją w precyzyjnym strzyżeniu — silna reputacja, sprawdź aktywność wideo lokalnego salonu",3,
CrossFit Old Mine,siłownia / trening,Katowice,do sprawdzenia,do sprawdzenia,crossfit.com/gym/35466/crossfit-old-mine,brak danych,brak danych,nie sprawdzono,nie sprawdzono,"Box działający od 2016 z mocną historią (nazwa nawiązuje do górnictwa) — gotowy storytelling, zwykle brak profesjonalnych rolek z lektorem",1,
CrossFit Black Ground,siłownia / trening,Katowice,do sprawdzenia,do sprawdzenia,crossfit.com/gym/16544/crossfit-black-ground,brak danych,brak danych,nie sprawdzono,nie sprawdzono,"Lokalny box crossfit — społeczność i treningi to materiał na rolki rekrutacyjne, sprawdź czy publikują regularnie",2,
Fabryka Formy Katowice Silesia (ul. Chorzowska 111),siłownia / fitness,Katowice,do sprawdzenia,do sprawdzenia,do sprawdzenia,brak danych,brak danych,nie sprawdzono,nie sprawdzono,"Klub przy Silesia City Center — duży ruch, komunikacja prawdopodobnie z centrali sieci; celuj w lokalnego managera z ofertą filmu o tym klubie",3,
Realton Nieruchomości (ul. Kościuszki 52/1),nieruchomości,Katowice,do sprawdzenia,do sprawdzenia,realton.pl,brak danych,brak danych,nie sprawdzono,nie sprawdzono,"Duże biuro z wieloma agentami (m.in. Jacek Szopa, Marek Wysocki) — każdy agent to osobny potencjalny klient na rolki z ofertami mieszkań",1,
Homevia Nieruchomości (agentka Karolina Mora),nieruchomości,Katowice,do sprawdzenia,do sprawdzenia,otodom.pl/pl/profil/agenci-nieruchomosci/karolina-mora-ID8312,brak danych,brak danych,nie sprawdzono,nie sprawdzono,"Nowe biuro (na Otodom od 2026), nacisk na indywidualną obsługę i prezentację ofert — brak własnych filmów ofertowych",1,
Aura Detailing KTW (ul. Władysława Łokietka 4),detailing,Katowice,do sprawdzenia,do sprawdzenia,booksy.com (profil),brak danych,brak danych (opinie na Booksy),nie sprawdzono,nie sprawdzono,"Rozbudowana oferta (powłoki ceramiczne 36 mies., pakiety sezonowe) sprzedawana głównie przez Booksy — brak wideo „przed/po”",1,
Extreme Car Wrapping & Detailing (ul. Zabłockiego 54),detailing / oklejanie,Katowice,do sprawdzenia,do sprawdzenia,booksy.com/pl-pl/244258_extreme-car-wrapping-detailing_motoryzacja_11597_katowice,brak danych,"5,0 (16 opinii, Booksy)",nie sprawdzono,nie sprawdzono,"Idealne oceny i efektowna usługa (wrapping) — mało opinii, więc mała widoczność; brak rolek pokazujących efekty",1,
Basiliana (ul. Mariacka 24),pizzeria / restauracja,Katowice,do sprawdzenia,do sprawdzenia,do sprawdzenia,515 51 65 55,brak danych (polecana przez In Your Pocket),nie sprawdzono,nie sprawdzono,"Uznawana za najlepszą pizzerię na Mariackiej — produkt mocny, sprawdź czy profil ma rolki z kuchni i gości",2,
Pizzeria Czaplomania (ul. Mickiewicza 7),pizzeria,Katowice,do sprawdzenia,do sprawdzenia,wolt.com/en/pol/katowice/restaurant/czaplomania,brak danych,brak danych (chwalona na Wanderlog),nie sprawdzono,nie sprawdzono,"Sprzedaż głównie przez Wolt, zamknięte w soboty — lokal na dowozie potrzebuje widoczności w social, brak własnego wideo",2,
Kawiarnia Primo (ul. Góreckiego 13),kawiarnia,Katowice,do sprawdzenia,do sprawdzenia,do sprawdzenia,brak danych,"4,8 (Google, wg intravel.net)",nie sprawdzono,nie sprawdzono,"Wysoka ocena i klimatyczne wnętrze poza ścisłym centrum — potrzebuje treści, które ściągną gości z innych dzielnic",2,
Strefa Centralna (pub / kawiarnia śniadaniowa),kawiarnia / gastronomia,Katowice,do sprawdzenia,do sprawdzenia,do sprawdzenia,brak danych,"4,6 (Google, wg intravel.net)",nie sprawdzono,nie sprawdzono,"Dobre opinie za śniadania — rolka „poranek w Strefie” to prosty temat, sprawdź czy mają jakiekolwiek wideo",3,
